[{"model": "admin.logentry", "pk": 1, "fields": {"action_time": "2024-10-02T10:31:25.583Z", "user": 1, "content_type": 4, "object_id": "2", "object_repr": "opisling", "action_flag": 2, "change_message": "[]"}}, {"model": "admin.logentry", "pk": 2, "fields": {"action_time": "2024-10-02T10:50:15.291Z", "user": 1, "content_type": 4, "object_id": "3", "object_repr": "tiff", "action_flag": 2, "change_message": "[]"}}, {"model": "admin.logentry", "pk": 3, "fields": {"action_time": "2024-10-10T11:39:19.540Z", "user": 1, "content_type": 10, "object_id": "1", "object_repr": "7-Day Nothern & Southern Kenya Savanna private safari", "action_flag": 1, "change_message": "[{\"added\": {}}]"}}, {"model": "admin.logentry", "pk": 4, "fields": {"action_time": "2024-10-10T11:53:55.848Z", "user": 1, "content_type": 10, "object_id": "2", "object_repr": "4-Day Mombasa or Diani – Tsavo East – Amboseli – Nairobi", "action_flag": 1, "change_message": "[{\"added\": {}}]"}}, {"model": "admin.logentry", "pk": 5, "fields": {"action_time": "2024-10-10T12:24:28.843Z", "user": 1, "content_type": 10, "object_id": "3", "object_repr": "4 Days Masai Mara Flying Safari", "action_flag": 1, "change_message": "[{\"added\": {}}]"}}, {"model": "admin.logentry", "pk": 6, "fields": {"action_time": "2024-10-10T12:30:55.589Z", "user": 1, "content_type": 10, "object_id": "4", "object_repr": "5 Days Tsavo West, Amboseli, Tsavo East National park game safari", "action_flag": 1, "change_message": "[{\"added\": {}}]"}}, {"model": "admin.logentry", "pk": 7, "fields": {"action_time": "2024-10-10T12:38:05.670Z", "user": 1, "content_type": 10, "object_id": "5", "object_repr": "7 Days, Mt Kilimanjaro – Rongai Route", "action_flag": 1, "change_message": "[{\"added\": {}}]"}}, {"model": "admin.logentry", "pk": 8, "fields": {"action_time": "2024-10-10T13:48:07.316Z", "user": 1, "content_type": 10, "object_id": "6", "object_repr": "4 Days Lake Nakuru & Naivasha", "action_flag": 1, "change_message": "[{\"added\": {}}]"}}, {"model": "admin.logentry", "pk": 9, "fields": {"action_time": "2024-10-10T17:42:54.227Z", "user": 1, "content_type": 10, "object_id": "1", "object_repr": "7-Day Nothern & Southern Kenya Savanna private safari", "action_flag": 2, "change_message": "[{\"changed\": {\"fields\": [\"Overview\"]}}]"}}, {"model": "admin.logentry", "pk": 10, "fields": {"action_time": "2024-10-10T17:59:10.916Z", "user": 1, "content_type": 10, "object_id": "6", "object_repr": "4 Days Lake Nakuru & Naivasha", "action_flag": 2, "change_message": "[{\"changed\": {\"fields\": [\"Image\", \"Image2\"]}}]"}}, {"model": "admin.logentry", "pk": 11, "fields": {"action_time": "2024-10-10T19:12:36.678Z", "user": 1, "content_type": 10, "object_id": "2", "object_repr": "4-Day Mombasa or Diani – Tsavo East – Amboseli – Nairobi", "action_flag": 2, "change_message": "[{\"changed\": {\"fields\": [\"Image2\"]}}]"}}, {"model": "admin.logentry", "pk": 12, "fields": {"action_time": "2024-10-10T19:14:25.138Z", "user": 1, "content_type": 10, "object_id": "3", "object_repr": "4 Days Masai Mara Flying Safari", "action_flag": 2, "change_message": "[{\"changed\": {\"fields\": [\"Image2\"]}}]"}}, {"model": "admin.logentry", "pk": 13, "fields": {"action_time": "2024-10-15T08:25:35.404Z", "user": 1, "content_type": 11, "object_id": "2", "object_repr": "Review object (2)", "action_flag": 3, "change_message": ""}}, {"model": "admin.logentry", "pk": 14, "fields": {"action_time": "2024-10-20T14:51:17.901Z", "user": 1, "content_type": 12, "object_id": "6", "object_repr": "Caroline Mumbi Gachara - Testing", "action_flag": 3, "change_message": ""}}, {"model": "admin.logentry", "pk": 15, "fields": {"action_time": "2024-10-25T07:16:34.334Z", "user": 1, "content_type": 14, "object_id": "5", "object_repr": " - ", "action_flag": 3, "change_message": ""}}, {"model": "admin.logentry", "pk": 16, "fields": {"action_time": "2024-10-25T11:17:27.881Z", "user": 1, "content_type": 14, "object_id": "9", "object_repr": " - ", "action_flag": 3, "change_message": ""}}, {"model": "admin.logentry", "pk": 17, "fields": {"action_time": "2024-10-25T11:17:27.881Z", "user": 1, "content_type": 14, "object_id": "8", "object_repr": " - ", "action_flag": 3, "change_message": ""}}, {"model": "admin.logentry", "pk": 18, "fields": {"action_time": "2024-10-25T11:17:27.881Z", "user": 1, "content_type": 14, "object_id": "7", "object_repr": " - ", "action_flag": 3, "change_message": ""}}, {"model": "admin.logentry", "pk": 19, "fields": {"action_time": "2024-10-29T15:26:06.747Z", "user": 1, "content_type": 10, "object_id": "6", "object_repr": "4 Days Lake Nakuru & Naivasha", "action_flag": 2, "change_message": "[{\"changed\": {\"fields\": [\"Price\"]}}]"}}, {"model": "admin.logentry", "pk": 20, "fields": {"action_time": "2024-10-29T15:26:17.619Z", "user": 1, "content_type": 10, "object_id": "5", "object_repr": "7 Days, Mt Kilimanjaro – Rongai Route", "action_flag": 2, "change_message": "[{\"changed\": {\"fields\": [\"Price\"]}}]"}}, {"model": "admin.logentry", "pk": 21, "fields": {"action_time": "2024-10-29T15:26:32.253Z", "user": 1, "content_type": 10, "object_id": "4", "object_repr": "5 Days Tsavo West, Amboseli, Tsavo East National park game safari", "action_flag": 2, "change_message": "[{\"changed\": {\"fields\": [\"Price\"]}}]"}}, {"model": "admin.logentry", "pk": 22, "fields": {"action_time": "2024-10-29T15:26:38.992Z", "user": 1, "content_type": 10, "object_id": "4", "object_repr": "5 Days Tsavo West, Amboseli, Tsavo East National park game safari", "action_flag": 2, "change_message": "[]"}}, {"model": "admin.logentry", "pk": 23, "fields": {"action_time": "2024-10-29T15:26:49.313Z", "user": 1, "content_type": 10, "object_id": "3", "object_repr": "4 Days Masai Mara Flying Safari", "action_flag": 2, "change_message": "[{\"changed\": {\"fields\": [\"Price\"]}}]"}}, {"model": "admin.logentry", "pk": 24, "fields": {"action_time": "2024-10-29T15:26:57.733Z", "user": 1, "content_type": 10, "object_id": "3", "object_repr": "4 Days Masai Mara Flying Safari", "action_flag": 2, "change_message": "[]"}}, {"model": "admin.logentry", "pk": 25, "fields": {"action_time": "2024-10-29T15:27:07.474Z", "user": 1, "content_type": 10, "object_id": "2", "object_repr": "4-Day Mombasa or Diani – Tsavo East – Amboseli – Nairobi", "action_flag": 2, "change_message": "[{\"changed\": {\"fields\": [\"Price\"]}}]"}}, {"model": "admin.logentry", "pk": 26, "fields": {"action_time": "2024-10-29T15:27:14.489Z", "user": 1, "content_type": 10, "object_id": "2", "object_repr": "4-Day Mombasa or Diani – Tsavo East – Amboseli – Nairobi", "action_flag": 2, "change_message": "[]"}}, {"model": "admin.logentry", "pk": 27, "fields": {"action_time": "2024-10-29T15:27:24.289Z", "user": 1, "content_type": 10, "object_id": "1", "object_repr": "7-Day Nothern & Southern Kenya Savanna private safari", "action_flag": 2, "change_message": "[{\"changed\": {\"fields\": [\"Price\"]}}]"}}, {"model": "admin.logentry", "pk": 28, "fields": {"action_time": "2024-10-29T15:29:20.143Z", "user": 1, "content_type": 14, "object_id": "14", "object_repr": " - ", "action_flag": 3, "change_message": ""}}, {"model": "admin.logentry", "pk": 29, "fields": {"action_time": "2024-10-29T15:29:20.143Z", "user": 1, "content_type": 14, "object_id": "12", "object_repr": " - ", "action_flag": 3, "change_message": ""}}, {"model": "admin.logentry", "pk": 30, "fields": {"action_time": "2024-10-29T16:34:54.026Z", "user": 1, "content_type": 14, "object_id": "18", "object_repr": "Caroline Mumbi Gachara - 0748153767", "action_flag": 3, "change_message": ""}}, {"model": "admin.logentry", "pk": 31, "fields": {"action_time": "2024-10-29T16:34:54.026Z", "user": 1, "content_type": 14, "object_id": "17", "object_repr": "Caroline Mumbi Gachara - 0748153767", "action_flag": 3, "change_message": ""}}, {"model": "admin.logentry", "pk": 32, "fields": {"action_time": "2024-10-29T16:34:54.026Z", "user": 1, "content_type": 14, "object_id": "16", "object_repr": "Caroline Mumbi Gachara - 0748153767", "action_flag": 3, "change_message": ""}}, {"model": "admin.logentry", "pk": 33, "fields": {"action_time": "2024-10-29T16:34:54.026Z", "user": 1, "content_type": 14, "object_id": "15", "object_repr": "Caroline Mumbi Gachara - 0748153767", "action_flag": 3, "change_message": ""}}, {"model": "admin.logentry", "pk": 34, "fields": {"action_time": "2024-10-29T16:34:54.026Z", "user": 1, "content_type": 14, "object_id": "13", "object_repr": "Caroline Mumbi Gachara - 0748153767", "action_flag": 3, "change_message": ""}}, {"model": "admin.logentry", "pk": 35, "fields": {"action_time": "2024-10-29T16:34:54.026Z", "user": 1, "content_type": 14, "object_id": "11", "object_repr": "Caroline Mumbi Gachara - 0748153767", "action_flag": 3, "change_message": ""}}, {"model": "admin.logentry", "pk": 36, "fields": {"action_time": "2024-10-29T16:34:54.026Z", "user": 1, "content_type": 14, "object_id": "10", "object_repr": "Caroline Mumbi Gachara - 0748153767", "action_flag": 3, "change_message": ""}}, {"model": "admin.logentry", "pk": 37, "fields": {"action_time": "2024-10-29T16:34:54.026Z", "user": 1, "content_type": 14, "object_id": "6", "object_repr": "Caroline Mumbi Gachara - 0748153767", "action_flag": 3, "change_message": ""}}, {"model": "admin.logentry", "pk": 38, "fields": {"action_time": "2024-11-01T14:15:31.549Z", "user": 1, "content_type": 14, "object_id": "55", "object_repr": "Caroline Mumbi Gachara - 0748153767", "action_flag": 2, "change_message": "[{\"changed\": {\"fields\": [\"Name\", \"Email\", \"Phone number\", \"Amount\"]}}]"}}, {"model": "admin.logentry", "pk": 39, "fields": {"action_time": "2024-11-13T08:26:33.711Z", "user": 1, "content_type": 11, "object_id": "4", "object_repr": "opisling - 7-Day Nothern & Southern Kenya Savanna private safari", "action_flag": 3, "change_message": ""}}, {"model": "admin.logentry", "pk": 40, "fields": {"action_time": "2024-11-13T08:27:01.121Z", "user": 1, "content_type": 11, "object_id": "9", "object_repr": "leonado - 4 Days Masai Mara Flying Safari", "action_flag": 3, "change_message": ""}}, {"model": "admin.logentry", "pk": 41, "fields": {"action_time": "2024-11-14T19:44:30.731Z", "user": 1, "content_type": 16, "object_id": "2", "object_repr": "Caroline Mumbi Gachara - test 2", "action_flag": 2, "change_message": "[{\"changed\": {\"fields\": [\"Message\"]}}]"}}, {"model": "authtoken.token", "pk": "0174e6381a14f9de0b26b9544c0d3f24b367b093", "fields": {"user": 10, "created": "2024-10-05T13:20:37.355Z"}}, {"model": "authtoken.token", "pk": "03662568dc5e5a1e521a0363bafa4f923d87cffc", "fields": {"user": 4, "created": "2024-10-04T18:19:49.276Z"}}, {"model": "authtoken.token", "pk": "16970d0daa20d4c4bed0df9a059a8ddf0f378e98", "fields": {"user": 3, "created": "2024-10-02T19:10:37.094Z"}}, {"model": "authtoken.token", "pk": "18a499e95faa1d49d701f2ff583d7ea6c9034f57", "fields": {"user": 14, "created": "2024-10-17T12:28:55.509Z"}}, {"model": "authtoken.token", "pk": "1e8b4cda7b845f7e0eadaa32a09b7cb2db121dd8", "fields": {"user": 17, "created": "2024-11-15T11:50:52.525Z"}}, {"model": "authtoken.token", "pk": "2a7ea9afe7e32fdc5890edda3f39963256b6a3d8", "fields": {"user": 6, "created": "2024-10-05T14:02:52.630Z"}}, {"model": "authtoken.token", "pk": "2fa7986d36d31cd4705f06925a7da31f960e9977", "fields": {"user": 5, "created": "2024-10-05T11:47:39.997Z"}}, {"model": "authtoken.token", "pk": "31299b5861ebc43abc3a72830b210b3eccf852c0", "fields": {"user": 13, "created": "2024-10-11T10:10:21.984Z"}}, {"model": "authtoken.token", "pk": "4cc03b0397ed028f2e86fe7a10e4e7478e19bd6b", "fields": {"user": 9, "created": "2024-10-04T15:26:55.726Z"}}, {"model": "authtoken.token", "pk": "4ebcc8ea4711e72ee0c95318716ab841c478008e", "fields": {"user": 8, "created": "2024-10-04T17:25:53.411Z"}}, {"model": "authtoken.token", "pk": "52df078bf661afdac7ebc6e7f6a4aa2de2c0954f", "fields": {"user": 11, "created": "2024-10-06T11:38:59.783Z"}}, {"model": "authtoken.token", "pk": "9540047cbbc521677cd40ce180af2d02eecb6d55", "fields": {"user": 2, "created": "2024-10-05T10:24:32.163Z"}}, {"model": "authtoken.token", "pk": "98a901a5840498324daf3c43692d3ddb25e534eb", "fields": {"user": 15, "created": "2024-10-24T09:13:44.679Z"}}, {"model": "authtoken.token", "pk": "ba02b656deab7f2a55f79c1050ae0882ff0a77db", "fields": {"user": 1, "created": "2024-10-01T10:41:32.316Z"}}, {"model": "authtoken.token", "pk": "e9fc6fc39d3af3b1a25ebb72862e16ec723c471c", "fields": {"user": 16, "created": "2024-11-15T10:05:18.614Z"}}, {"model": "authentication.profile", "pk": 1, "fields": {"user": 1, "phone": "0748153767", "country": "Kenya"}}, {"model": "authentication.profile", "pk": 2, "fields": {"user": 2, "phone": "0712345678", "country": ""}}, {"model": "authentication.profile", "pk": 3, "fields": {"user": 3, "phone": null, "country": null}}, {"model": "authentication.profile", "pk": 4, "fields": {"user": 4, "phone": "0712814840", "country": "Tanzania"}}, {"model": "authentication.profile", "pk": 5, "fields": {"user": 5, "phone": null, "country": null}}, {"model": "authentication.profile", "pk": 6, "fields": {"user": 6, "phone": "", "country": "Kenya"}}, {"model": "authentication.profile", "pk": 7, "fields": {"user": 7, "phone": null, "country": null}}, {"model": "authentication.profile", "pk": 8, "fields": {"user": 8, "phone": null, "country": null}}, {"model": "authentication.profile", "pk": 9, "fields": {"user": 9, "phone": null, "country": null}}, {"model": "authentication.profile", "pk": 10, "fields": {"user": 10, "phone": "", "country": ""}}, {"model": "authentication.profile", "pk": 11, "fields": {"user": 11, "phone": null, "country": null}}, {"model": "authentication.profile", "pk": 12, "fields": {"user": 12, "phone": null, "country": null}}, {"model": "authentication.profile", "pk": 13, "fields": {"user": 13, "phone": "", "country": ""}}, {"model": "authentication.profile", "pk": 14, "fields": {"user": 14, "phone": null, "country": null}}, {"model": "authentication.profile", "pk": 15, "fields": {"user": 15, "phone": null, "country": null}}, {"model": "authentication.profile", "pk": 16, "fields": {"user": 16, "phone": "0712345678", "country": "Armenia"}}, {"model": "authentication.profile", "pk": 17, "fields": {"user": 17, "phone": "0712345678", "country": "Bangladesh"}}, {"model": "django_daraja.accesstoken", "pk": 40, "fields": {"token": "WRyyqwgQAcDjWuUpJp9AMmvBMuvm", "created_at": "2024-11-15T11:57:26.193Z"}}, {"model": "safari.safaripackage", "pk": 1, "fields": {"title": "7-Day Nothern & Southern Kenya Savanna private safari", "duration": "7 Days", "price": "1.00", "location": "Samburu", "description": "Travel is the movement of people between relatively distant geographical...", "people": "1-10 People", "overview": "Embark on a comprehensive exploration of Kenya's savanna landscapes with our 7-day private safari. Traverse from the rugged terrain of Samburu National Reserve, known for its unique wildlife, to the lush expanses of Maasai Mara. Experience diverse ecosystems, from the arid Samburu to the verdant Lake Nakuru and Naivasha, culminating in the renowned Maasai Mara. This journey offers a blend of exhilarating game drives, serene lake vistas, and the chance to witness the majestic African wildlife up close.", "image": "safari_images/samburu.jpg", "image2": "safari_images/samburu2.jpg", "highlights": ["Samburu National Reserve", "Variety of wildlife such as the famous Grevy zebra, lions, leopards, and elephants."], "itinerary": [{"day": "Day 1: Nairobi to Samburu National Reserve", "activity": "Depart from Nairobi at 7:30 AM. Drive to Samburu (approx. 6 hours). Lunch, check-in, and relax. Afternoon game drive until sunset. Dinner and overnight at the lodge."}, {"day": "Day 2: Samburu National Reserve", "activity": "Early breakfast followed by morning game drive. Return for lunch and relaxation. Afternoon game drive until sunset. Dinner and overnight at the lodge."}, {"day": "Day 3: Samburu to Lake Nakuru National Park", "activity": "Early breakfast and checkout. Drive to Lake Nakuru. Lunch, check-in, and afternoon game drive. Dinner and overnight at the lodge."}, {"day": "Day 4: Lake Nakuru to Lake Naivasha", "activity": "Early breakfast and drive to Lake Naivasha. Visit Hell's Gate National Park for hiking. Check-in, lunch, and afternoon boat ride on Lake Naivasha. Dinner and overnight at the hotel."}, {"day": "Day 5: Lake Naivasha to Maasai Mara National Reserve", "activity": "Early breakfast and drive to Maasai Mara (approx. 6 hours). Lunch, check-in, and afternoon game drive. Dinner and overnight at the camp."}, {"day": "Day 6: Maasai Mara National Reserve", "activity": "Full-day game drive with packed lunch. Search for the Big Five and other wildlife. Return for dinner and overnight at the camp."}, {"day": "Day 7: Maasai Mara to Nairobi", "activity": "Early morning game drive. Return for breakfast and check-out. Drive back to Nairobi (approx. 5-6 hours). End of tour."}], "map_embed_url": "https://www.google.com/maps/embed?pb=!1m18!1m12!1m3!1d15958.365552382782!2d37.5190515273278!3d0.611098525425451!2m3!1f0!2f0!3f0!3m2!1i1024!2i768!4f13.1!3m3!1m2!1s0x17888d933c6f7369%3A0xa2e2dc34ae133bd"}}, {"model": "safari.safaripackage", "pk": 2, "fields": {"title": "4-Day Mombasa or Diani – Tsavo East – Amboseli – Nairobi", "duration": "4 Days", "price": "1.00", "location": "Mombasa", "description": "Witness the fastest land animal in action.", "people": "1-6 People", "overview": "This 4-day safari offers a dynamic experience of Kenya’s diverse landscapes. Start in Tsavo East with its vast savannas and wildlife, then move to Amboseli for stunning views of Mount Kilimanjaro. Witness the unique flora and fauna of Amboseli and Tsavo while enjoying guided game drives and comfortable accommodations. Perfect for those seeking a compact yet immersive safari experience.", "image": "safari_images/mombasa1.jpg", "image2": "safari_images/mombasa1_QuN32ci.jpg", "highlights": ["Tsavo East: Explore one of Kenya’s largest parks with its diverse wildlife.", "Amboseli: Known for its incredible elephant herds and panoramic views of Mount Kilimanjaro."], "itinerary": [{"day": "Day 1: Mombasa/Diani to Tsavo East National Park", "activity": "Pick up from your hotel or airport and drive to Tsavo East. Game drive, check-in, lunch, and afternoon game drive. Dinner and overnight at the lodge."}, {"day": "Day 2: Tsavo East to Amboseli National Park", "activity": "Breakfast and checkout. Drive to Amboseli with an en-route game drive. Lunch, relaxation, and afternoon game drive. Dinner and overnight at the camp."}, {"day": "Day 3: Amboseli National Park", "activity": "Full day of game drives with packed lunch. Explore Amboseli and, if clear, view Mount Kilimanjaro. Dinner and overnight at the camp."}, {"day": "Day 4: Amboseli to Nairobi", "activity": "Morning game drive, breakfast, and checkout. Drive to Nairobi. Optional lunch en route. Drop-off in Nairobi."}], "map_embed_url": "https://www.google.com/maps/embed?pb=!1m18!1m12!1m3!1d31875.835545358816!2d37.89051493625558!3d-2.9643840999978415!2m3!1f0!2f0!3f0!3m2!1i1024!2i768!4f13.1!3m3!1m2!1s0x183980bcec682bb7%3A0xfc507de3c2bb"}}, {"model": "safari.safaripackage", "pk": 3, "fields": {"title": "4 Days Masai Mara Flying Safari", "duration": "4 Days", "price": "1.00", "location": "Masai Mara", "description": "Get up close and personal with the tallest animals on earth.", "people": "3-10 People", "overview": "Experience the Masai Mara from above with this 4-day flying safari. Start with a scenic flight from Nairobi to Masai Mara, where you’ll enjoy daily game drives exploring this iconic reserve. Perfect for those who want to maximize their safari time without the long road transfers.", "image": "safari_images/giraffe.jpg", "image2": "safari_images/zebra2.jpg", "highlights": ["Air views of Masai Mara.", "Up-close encounters with the wildlife of the Masai Mara."], "itinerary": [{"day": "Day 1: Nairobi to Masai Mara", "activity": "Transfer to Wilson Airport for a flight to Masai Mara. Arrive, transfer to the lodge, lunch, and afternoon game drive. Overnight at Keekorok Lodge."}, {"day": "Day 2: Masai Mara", "activity": "Two game drives – morning and afternoon. Enjoy extensive wildlife sightings and optional Maasai village visit. Overnight at Keekorok Lodge."}, {"day": "Day 3: Masai Mara", "activity": "Full day of game drives with an early morning start. Explore different parts of the reserve and enjoy lodge facilities. Overnight at Keekorok Lodge."}, {"day": "Day 4: Masai Mara to Nairobi", "activity": "Breakfast, transfer to the airstrip, and flight back to Nairobi. Optional exploration of Nairobi’s attractions. Drop-off at the airport or hotel."}], "map_embed_url": "https://www.google.com/maps/embed?pb=!1m18!1m12!1m3!1d7977.740869178582!2d35.00676243374945!3d-1.2489575186174333!2m3!1f0!2f0!3f0!3m2!1i1024!2i768!4f13.1!3m3!1m2!1s0x182ced340e0926ff%3A0xf11b680298c8c"}}, {"model": "safari.safaripackage", "pk": 4, "fields": {"title": "5 Days Tsavo West, Amboseli, Tsavo East National park game safari", "duration": "5 Days", "price": "1.00", "location": "Amboseli", "description": "Experience the king of the jungle in its domain.", "people": "1-10 People", "overview": "Explore the diverse landscapes of Tsavo with this 5-day safari covering Tsavo West, Amboseli, and Tsavo East. Experience game drives across varied terrains, from the volcanic landscapes of Tsavo West to the scenic plains of Amboseli and the expansive savannas of Tsavo East.", "image": "safari_images/lion.jpg", "image2": "safari_images/amboseli.jpg", "highlights": ["Scenic views of Mount Kilimanjaro from Amboseli.", "The diverse wildlife and landscapes of Tsavo East and West."], "itinerary": [{"day": "Day 1: Mombasa to Tsavo West", "activity": "Pickup from your resort, drive to Tsavo West with game viewing and a visit to the Rhino Sanctuary. Overnight at Tsavo West lodge."}, {"day": "Day 2: Tsavo West to Amboseli", "activity": "Morning game drive, visit Mzima Springs, and drive to Amboseli. Afternoon game drive and overnight at Amboseli lodge."}, {"day": "Day 3: Amboseli National Park", "activity": "Full day of game drives with views of Mount Kilimanjaro. Optional visit to Maasai villages. Overnight at Amboseli lodge."}, {"day": "Day 4: Amboseli to Tsavo East", "activity": "Drive to Tsavo East. Afternoon game drive and overnight at Tsavo East lodge."}, {"day": "Day 5: Tsavo East to Mombasa", "activity": "Morning game drive, breakfast, and drive back to Mombasa with lunch en route."}], "map_embed_url": "https://www.google.com/maps/embed?pb=!1m18!1m12!1m3!1d3985.543034634989!2d37.25804577312224!3d-2.652665138642296!2m3!1f0!2f0!3f0!3m2!1i1024!2i768!4f13.1!3m3!1m2!1s0x18309e7455555555%3A0x8405eed269adf9"}}, {"model": "safari.safaripackage", "pk": 5, "fields": {"title": "7 Days, Mt Kilimanjaro – Rongai Route", "duration": "7 Days", "price": "1.00", "location": "Tanzania", "description": "Discover the striking patterns of zebras in the wild.", "people": "1-10 People", "overview": "The Kilimanjaro Rongai Route approaches the mountain from the north not far from the Kenyan border. The area retains a sense of untouched wilderness lost on the crowded Marangu and Machame trails. This route is the easiest of all the routes, it has a relatively gentle gradient and short daily stages as it winds its way from the starting point just south of the Kenya-Tanzania border through attractive farmland and delightful forest to several other climate zones, adding considerably to the interest of the trek. There are magnificent views over the Amboseli Plains and genuine possibilities for wildlife viewing. An extra day is added to the standard 5-day itinerary to hike to the beautiful Mawenzi Tarn beneath the towering spires of Mawenzi; this also ensures maximum acclimatization for the climb to the summit. The final ascent is arduous and made in darkness starting around midnight but the reward is a spectacular dawn view of the glaciers and ice cliffs of the summit, and across the East African plains far below. Descending through lush forest, there is a final day to relax and recover before the flight home. Kilimanjaro Rongai Route is much drier than the other routes and you might even encounter an elephant on the way. Accommodation in tents.", "image": "safari_images/zebra.jpg", "image2": "safari_images/kilimanjaro.jpg", "highlights": ["beautiful Mawenzi Tarn beneath the towering spires of Mawenzi", "Descending through lush forest, there is a final day to relax and recover before the flight home"], "itinerary": [{"day": "Day 1: Arrival", "activity": "You will be met at the International Airport by your Driver/Guide and our representative. We will take you to the Mount Meru Game Lodge (or any other suitable hotel depending on your arrival time). Our Kilimanjaro Expert will come to meet you and provide you with a briefing on your climb. Dinner and Overnight at Mount Meru Game Lodge."}, {"day": "Day 2: Kilimanjaro Rongai Route", "activity": "Hike up through the Rongai Forest – Approx. 2625 m. Pick up from your hotel in Arusha or Moshi and drive to the town of Nalemoru on the lower slopes of Kilimanjaro and the trailhead five miles outside of town. Start the climb passing through pine forest and a short stretch of mountainous rainforest until reaching the heather and moorlands. About a 4-5 hour walk to Sekimba camp at approx 2625m. The rest of the day will be used to relax and recheck your equipment. Overnight at Sekimba campsite. All meals included."}, {"day": "Day 3: First Camp to Kikelewa Moorland (3630 m)", "activity": "Continue through the forest, eventually encountering the moorlands just below a large lava overhang known as Second Cave. Lunch here, then traverse the open moorlands toward the spectacular peak of Mawenzi. Our second camp is at Kikelewa, shortly before reaching the saddle that connects Mawenzi to Kibo and Uhuru peaks. (5-6 hours hiking.) Overnight at a campsite. All meals included."}, {"day": "Day 4: Mawenzi Tarn Hut", "activity": "Rising early, climb steadily to craggy, jagged peaks of Mawenzi. Camp beneath Mawenzi at approx 4,300m. Some climbers take an alternative route away from Mawenzi and camp on the north side of the saddle (Mawenzi Tarn Hut is in the north). Overnight at a campsite. All meals included."}, {"day": "Day 5: Outward School Hut", "activity": "Trek to the Outward Bound Hut (School Hut or preferably Kibo Hut) at 4,715m between the peaks of Kibo and Mawenzi. Mountain vistas are fabulous as we emerge onto the saddle between glacier-covered Kibo and rock-crowned Mawenzi. We’ll arrive by lunchtime and have the afternoon to organize and rest up for the summit attempt. We’ll turn in early. Overnight at a campsite. All meals included."}, {"day": "Day 6: Kibo Camp to Gilman’s Point to Uhuru Peak – Horombo Hut", "activity": "This is the hardest day of the climb and an early start before midnight. You will pass (rest and have coffee at) Hans Meyers cave after about 3 hours climbing. At dawn, you should reach Gilman’s Point and usually see a spectacular sunrise. From here, if you have enough energy, a further 1.5-hour walk will take you to Uhuru Peak. Descend to Kibo and then on to Horombo at 3700m. Dinner and good sleep. Overnight at a campsite or Horombo Hut. All meals included."}, {"day": "Day 7: Horombo to Park Gate", "activity": "Descend across the moorland and into the forest to Mandara hut, where a meal is served. Walk about 3-4 hours to Marangu Gate. After bidding our farewells to our guide and porters, we’ll take you to Arusha or Moshi for extension. End or Extension."}], "map_embed_url": "https://www.google.com/maps/embed?pb=!1m18!1m12!1m3!1d8121256.557451141!2d29.68294099062805!3d-6.334757590690399!2m3!1f0!2f0!3f0!3m2!1i1024!2i768!4f13.1!3m3!1m2!1s0x184b51314869a111%3A0x885a17314bc1c4"}}, {"model": "safari.safaripackage", "pk": 6, "fields": {"title": "4 Days Lake Nakuru & Naivasha", "duration": "4 Days", "price": "1.00", "location": "Lake Nakuru", "description": "Another beautiful giraffe safari experience.", "people": "1-10 People", "overview": "Pick up from Nairobi hotel / Nairobi Airport Depart for the lake Nakuru national park. An easy scenic sightseeing drive via the great rift valley escarpment with views of awesome scenery There shall be stops to marvel at the dramatic fall of the great rift valley escarpment.\r\nWe shall stop at the Freshwater Lake Naivasha for an exciting boat ride to view hippos, exotic birds and small game.", "image": "safari_images/giraffe2.jpg", "image2": "safari_images/nakuru.jpg", "highlights": ["Views of the Great Rift Valley escarpment", "A short game and bird-watching drive at Lake Nakuru National Park", "Home to black and white rhinos"], "itinerary": [{"day": "Day 1: Nairobi – Lake Nakuru National Park (160 KM, approx. 3 hrs)", "activity": ["07:00 hrs: Pick up from Nairobi hotel or Nairobi Airport. Depart for Lake Nakuru National Park with a scenic drive via the Great Rift Valley escarpment. Enjoy stops to marvel at the dramatic landscapes.", "Visit Freshwater Lake Naivasha for a boat ride to see hippos, exotic birds, and small game. Continue to Lake Nakuru, arriving in the late morning.", "Explore the park, known for its black and white rhinos, lions, warthogs, giraffes, zebras, and bird species including Pelicans and sometimes a sizable Flamingo population.", "Afternoon bird and game-watching drives around the lake. Overnight at a Lake Nakuru safari lodge or tented camp."]}, {"day": "Day 2: Lake Nakuru – Masai Mara Game Reserve (300 KM, approx. 5-6 hrs)", "activity": ["Short game and bird-watching drive at Lake Nakuru National Park.", "Proceed to Masai Mara Game Reserve with scenic stops along the route. Enjoy an afternoon game drive in the Masai Mara."]}, {"day": "Day 3: Full Day – Masai Mara", "activity": ["A full day of game viewing in Masai Mara, known for its rich wildlife and scenic savannah plains. Experience the Big Five and other wildlife.", "Picnic lunch by the Mara River while observing hippos, crocodiles, or possibly the Great Migration (July – October). Overnight at a Masai Mara safari lodge or tented camp."]}, {"day": "Day 4: Masai Mara Game Reserve – Nairobi (265 KM, approx. 6 hrs)", "activity": ["Early morning game drive in Masai Mara.", "Depart Masai Mara mid-morning and drive to Nairobi. Lunch stop along the way.", "Arrive in Nairobi in the late afternoon (around 16:30). Drop off at your Nairobi hotel, residence, or Nairobi Airport."]}], "map_embed_url": "https://www.google.com/maps/embed?pb=!1m18!1m12!1m3!1d127671.67951359131!2d36.00536487114806!3d-0.3590386571830176!2m3!1f0!2f0!3f0!3m2!1i1024!2i768!4f13.1!3m3!1m2!1s0x18298fe3b0de60ef%3A0xbb9b734c1a47"}}, {"model": "safari.review", "pk": 1, "fields": {"safari": 1, "user": 3, "rating": 5, "comment": "Loved the experience", "created_at": "2024-10-12T12:57:40.391Z", "updated_at": "2024-10-12T12:57:40.391Z"}}, {"model": "safari.review", "pk": 3, "fields": {"safari": 2, "user": 1, "rating": 4, "comment": "Loved the beach", "created_at": "2024-10-15T08:26:25.687Z", "updated_at": "2024-10-15T08:26:25.687Z"}}, {"model": "safari.review", "pk": 5, "fields": {"safari": 6, "user": 2, "rating": 5, "comment": "loved the view", "created_at": "2024-10-15T08:46:55.123Z", "updated_at": "2024-10-15T08:46:55.123Z"}}, {"model": "safari.review", "pk": 6, "fields": {"safari": 3, "user": 9, "rating": 5, "comment": "Loved the wildlife", "created_at": "2024-10-15T09:06:19.484Z", "updated_at": "2024-10-15T09:06:19.484Z"}}, {"model": "safari.review", "pk": 7, "fields": {"safari": 1, "user": 14, "rating": 4, "comment": "I loved the wildlife", "created_at": "2024-10-17T12:30:25.144Z", "updated_at": "2024-10-17T12:30:25.144Z"}}, {"model": "safari.review", "pk": 8, "fields": {"safari": 3, "user": 15, "rating": 5, "comment": "I loved the scenery in masai mara", "created_at": "2024-10-24T09:15:48.650Z", "updated_at": "2024-10-24T09:15:48.650Z"}}, {"model": "safari.review", "pk": 10, "fields": {"safari": 4, "user": 16, "rating": 5, "comment": "i loved the safari", "created_at": "2024-11-15T10:09:19.240Z", "updated_at": "2024-11-15T10:09:19.240Z"}}, {"model": "safari.review", "pk": 11, "fields": {"safari": 3, "user": 17, "rating": 4, "comment": "i loved the safari", "created_at": "2024-11-15T11:54:56.742Z", "updated_at": "2024-11-15T11:54:56.742Z"}}, {"model": "safari.booking", "pk": 1, "fields": {"safari": 1, "user": 9, "fullname": "John Ndungu", "email": "john@gmail.com", "country": "Kenya", "contactNumber": "0712345678", "adults": 2, "children": 2, "subject": "Booking", "message": "I would like to book this safari", "bookingDate": "2024-10-17", "created_at": "2024-10-15T16:17:08.454Z"}}, {"model": "safari.booking", "pk": 2, "fields": {"safari": 2, "user": 3, "fullname": "Tiffany Chelagat", "email": "tiff@gmail.com", "country": "Colombia", "contactNumber": "0712345678", "adults": 1, "children": 0, "subject": "Booking enquiry", "message": "I would like to enquire about booking this safari", "bookingDate": "2024-10-24", "created_at": "2024-10-16T07:09:05.001Z"}}, {"model": "safari.booking", "pk": 3, "fields": {"safari": 3, "user": 2, "fullname": "Flow opisa", "email": "opisa@gmail.com", "country": "Jamaica", "contactNumber": "0712345678", "adults": 1, "children": 0, "subject": "Details", "message": "I want more specific booking details", "bookingDate": "2024-10-30", "created_at": "2024-10-16T07:21:36.785Z"}}, {"model": "safari.booking", "pk": 4, "fields": {"safari": 1, "user": 14, "fullname": "Ann Mumbi", "email": "ann@gmail.com", "country": "Australia", "contactNumber": "0712345678", "adults": 3, "children": 0, "subject": "Booking", "message": "I would love to book this safari", "bookingDate": "2024-10-25", "created_at": "2024-10-17T12:32:35.608Z"}}, {"model": "safari.booking", "pk": 5, "fields": {"safari": 2, "user": 1, "fullname": "Caroline Mumbi Gachara", "email": "mumbic65@gmail.com", "country": "Kenya", "contactNumber": "0748153767", "adults": 1, "children": 0, "subject": "Booking enquiry", "message": "I would like to book this safari", "bookingDate": "2024-10-29", "created_at": "2024-10-20T11:27:14.013Z"}}, {"model": "safari.booking", "pk": 7, "fields": {"safari": 3, "user": 15, "fullname": "leonado decaprio", "email": "leonado@gmail.com", "country": "Argentina", "contactNumber": "0712345678", "adults": 1, "children": 0, "subject": "Booking", "message": "I would love to book this safari.", "bookingDate": "2024-10-31", "created_at": "2024-10-24T09:18:38.148Z"}}, {"model": "safari.booking", "pk": 8, "fields": {"safari": 1, "user": 15, "fullname": "Jenny Margaret", "email": "jenny@gmail.com", "country": "Kenya", "contactNumber": "0712814840", "adults": 1, "children": 0, "subject": "Testing", "message": "testing", "bookingDate": "2024-11-01", "created_at": "2024-10-29T14:42:39.190Z"}}, {"model": "safari.booking", "pk": 9, "fields": {"safari": 4, "user": 16, "fullname": "Ronald Mcgarret", "email": "mcgarretronald@gmail.com", "country": "Chad", "contactNumber": "0712345678", "adults": 2, "children": 1, "subject": "Booking", "message": "I would love to book this safari", "bookingDate": "2024-11-24", "created_at": "2024-11-15T10:11:21.086Z"}}, {"model": "safari.booking", "pk": 10, "fields": {"safari": 3, "user": 17, "fullname": "mike misheveve", "email": "misheve@gmail.com", "country": "Botswana", "contactNumber": "0712345678", "adults": 3, "children": 1, "subject": "Booking", "message": "I want to book this safari", "bookingDate": "2024-11-21", "created_at": "2024-11-15T11:56:34.049Z"}}, {"model": "safari.mpesapayment", "pk": 1, "fields": {"safari_package": 5, "name": "Caroline Mumbi", "email": "mumbic65@gmail.com", "phone_number": "0748153767", "amount": "134925.00", "transaction_id": "", "checkout_request_id": null, "date": "2024-10-23T16:57:49.414Z", "status": "0"}}, {"model": "safari.mpesapayment", "pk": 2, "fields": {"safari_package": 5, "name": "Caroline Mumbi", "email": "mumbic65@gmail.com", "phone_number": "0748153767", "amount": "134925.00", "transaction_id": "", "checkout_request_id": null, "date": "2024-10-23T17:03:17.708Z", "status": "0"}}, {"model": "safari.mpesapayment", "pk": 3, "fields": {"safari_package": 5, "name": "Caroline Mumbi", "email": "mumbic65@gmail.com", "phone_number": "0748153767", "amount": "134925.00", "transaction_id": "", "checkout_request_id": null, "date": "2024-10-23T17:12:39.776Z", "status": "0"}}, {"model": "safari.mpesapayment", "pk": 4, "fields": {"safari_package": 3, "name": "davinci", "email": "davinci@gmail.com", "phone_number": "254748153767", "amount": "77100.00", "transaction_id": "", "checkout_request_id": null, "date": "2024-10-24T09:19:26.776Z", "status": "0"}}, {"model": "safari.mpesapayment", "pk": 19, "fields": {"safari_package": 1, "name": "Caroline Mumbi Gachara", "email": "mumbic65@gmail.com", "phone_number": "0748153767", "amount": "1.00", "transaction_id": "", "checkout_request_id": null, "date": "2024-10-29T16:56:53.299Z", "status": "0"}}, {"model": "safari.mpesapayment", "pk": 20, "fields": {"safari_package": 1, "name": "Caroline Mumbi Gachara", "email": "mumbic65@gmail.com", "phone_number": "0748153767", "amount": "1.00", "transaction_id": "", "checkout_request_id": "ws_CO_30102024115125927748153767", "date": "2024-10-30T08:50:53.940Z", "status": "0"}}, {"model": "safari.mpesapayment", "pk": 21, "fields": {"safari_package": 4, "name": "Caroline Mumbi Gachara", "email": "mumbic65@gmail.com", "phone_number": "0748153767", "amount": "1.00", "transaction_id": "", "checkout_request_id": "ws_CO_30102024121757762748153767", "date": "2024-10-30T09:17:25.233Z", "status": "0"}}, {"model": "safari.mpesapayment", "pk": 22, "fields": {"safari_package": 4, "name": "Caroline Mumbi Gachara", "email": "mumbic65@gmail.com", "phone_number": "0748153767", "amount": "1.00", "transaction_id": "", "checkout_request_id": "ws_CO_30102024124328157748153767", "date": "2024-10-30T09:43:30.423Z", "status": "0"}}, {"model": "safari.mpesapayment", "pk": 23, "fields": {"safari_package": 4, "name": "Caroline Mumbi Gachara", "email": "mumbic65@gmail.com", "phone_number": "0722219225", "amount": "1.00", "transaction_id": "", "checkout_request_id": "ws_CO_30102024140313110722219225", "date": "2024-10-30T11:03:14.554Z", "status": "0"}}, {"model": "safari.mpesapayment", "pk": 24, "fields": {"safari_package": 4, "name": "ruth njambi", "email": "ruth@gmail.com", "phone_number": "0722219225", "amount": "1.00", "transaction_id": "", "checkout_request_id": "ws_CO_30102024140702210722219225", "date": "2024-10-30T11:06:29.820Z", "status": "0"}}, {"model": "safari.mpesapayment", "pk": 25, "fields": {"safari_package": 6, "name": "ruth njambi", "email": "ruth@gmail.com", "phone_number": "254722219225", "amount": "1.00", "transaction_id": "", "checkout_request_id": "ws_CO_30102024141243210722219225", "date": "2024-10-30T11:12:12.760Z", "status": "0"}}, {"model": "safari.mpesapayment", "pk": 26, "fields": {"safari_package": 6, "name": "ruth njambi", "email": "ruth@gmail.com", "phone_number": "254722219225", "amount": "1.00", "transaction_id": "", "checkout_request_id": "ws_CO_30102024142259888722219225", "date": "2024-10-30T11:23:01.675Z", "status": "0"}}, {"model": "safari.mpesapayment", "pk": 27, "fields": {"safari_package": 6, "name": "Caroline Mumbi Gachara", "email": "mumbic65@gmail.com", "phone_number": "254748153767", "amount": "1.00", "transaction_id": "", "checkout_request_id": "ws_CO_30102024145656414748153767", "date": "2024-10-30T11:56:57.877Z", "status": "0"}}, {"model": "safari.mpesapayment", "pk": 28, "fields": {"safari_package": 6, "name": "ruth njambi", "email": "ruth@gmail.com", "phone_number": "254722219225", "amount": "1.00", "transaction_id": "", "checkout_request_id": "ws_CO_30102024152309255722219225", "date": "2024-10-30T12:23:10.875Z", "status": "0"}}, {"model": "safari.mpesapayment", "pk": 29, "fields": {"safari_package": 6, "name": "ruth kuria", "email": "ruth@gmail.com", "phone_number": "254722219225", "amount": "1.00", "transaction_id": "", "checkout_request_id": "ws_CO_30102024152941263722219225", "date": "2024-10-30T12:29:08.860Z", "status": "0"}}, {"model": "safari.mpesapayment", "pk": 30, "fields": {"safari_package": 6, "name": "ruth kuria", "email": "ruth@gmail.com", "phone_number": "254722219225", "amount": "1.00", "transaction_id": "", "checkout_request_id": "ws_CO_30102024153006544722219225", "date": "2024-10-30T12:30:08.360Z", "status": "0"}}, {"model": "safari.mpesapayment", "pk": 31, "fields": {"safari_package": 6, "name": "ruth kuria", "email": "ruth@gmail.com", "phone_number": "254722219225", "amount": "1.00", "transaction_id": "", "checkout_request_id": "ws_CO_30102024153527520722219225", "date": "2024-10-30T12:35:29.179Z", "status": "0"}}, {"model": "safari.mpesapayment", "pk": 32, "fields": {"safari_package": 6, "name": "ruth njambi", "email": "ruth@gmail.com", "phone_number": "254722219225", "amount": "1.00", "transaction_id": "", "checkout_request_id": "ws_CO_30102024154848775722219225", "date": "2024-10-30T12:48:50.357Z", "status": "0"}}, {"model": "safari.mpesapayment", "pk": 33, "fields": {"safari_package": 6, "name": "ruth njambi", "email": "ruth@gmail.com", "phone_number": "254722219225", "amount": "1.00", "transaction_id": "", "checkout_request_id": "ws_CO_30102024155106062722219225", "date": "2024-10-30T12:50:33.984Z", "status": "0"}}, {"model": "safari.mpesapayment", "pk": 34, "fields": {"safari_package": 6, "name": "ruth gachara", "email": "ruth@gmail.com", "phone_number": "254722219225", "amount": "1.00", "transaction_id": "", "checkout_request_id": "ws_CO_30102024160829235722219225", "date": "2024-10-30T13:08:35.029Z", "status": "0"}}, {"model": "safari.mpesapayment", "pk": 35, "fields": {"safari_package": 6, "name": "ruth gachara", "email": "ruth@gmail.com", "phone_number": "254722219225", "amount": "1.00", "transaction_id": "", "checkout_request_id": "ws_CO_30102024161435034722219225", "date": "2024-10-30T13:14:02.609Z", "status": "0"}}, {"model": "safari.mpesapayment", "pk": 36, "fields": {"safari_package": 6, "name": "ruth gachara", "email": "ruth@gmail.com", "phone_number": "254748153767", "amount": "1.00", "transaction_id": "", "checkout_request_id": "ws_CO_30102024162110372748153767", "date": "2024-10-30T13:21:12.071Z", "status": "0"}}, {"model": "safari.mpesapayment", "pk": 37, "fields": {"safari_package": 6, "name": "mumbi", "email": "mumbic65@gmail.com", "phone_number": "0748153767", "amount": "1.00", "transaction_id": "", "checkout_request_id": "ws_CO_30102024171651441748153767", "date": "2024-10-30T14:16:18.697Z", "status": "0"}}, {"model": "safari.mpesapayment", "pk": 38, "fields": {"safari_package": 6, "name": "Caroline", "email": "mumbic65@gmail.com", "phone_number": "0748153767", "amount": "1.00", "transaction_id": "", "checkout_request_id": "ws_CO_30102024201408119748153767", "date": "2024-10-30T17:13:35.604Z", "status": "0"}}, {"model": "safari.mpesapayment", "pk": 39, "fields": {"safari_package": 6, "name": "Carol", "email": "mumbic65@gmail.com", "phone_number": "0748153767", "amount": "1.00", "transaction_id": "", "checkout_request_id": "ws_CO_30102024203836353748153767", "date": "2024-10-30T17:38:03.720Z", "status": "0"}}, {"model": "safari.mpesapayment", "pk": 40, "fields": {"safari_package": 6, "name": "patrick", "email": "patrick@gmail.com", "phone_number": "0722651926", "amount": "1.00", "transaction_id": "", "checkout_request_id": "ws_CO_30102024204502947722651926", "date": "2024-10-30T17:44:30.484Z", "status": "0"}}, {"model": "safari.mpesapayment", "pk": 41, "fields": {"safari_package": 6, "name": "patrick", "email": "patrick@gmail.com", "phone_number": "0722651926", "amount": "1.00", "transaction_id": "", "checkout_request_id": "ws_CO_30102024204648521722651926", "date": "2024-10-30T17:46:52.113Z", "status": "0"}}, {"model": "safari.mpesapayment", "pk": 42, "fields": {"safari_package": 6, "name": "Caroline Mumbi Gachara", "email": "mumbic65@gmail.com", "phone_number": "0748153767", "amount": "1.00", "transaction_id": "", "checkout_request_id": "ws_CO_30102024215109585748153767", "date": "2024-10-30T18:50:36.399Z", "status": "0"}}, {"model": "safari.mpesapayment", "pk": 43, "fields": {"safari_package": 6, "name": "Caroline Mumbi Gachara", "email": "mumbic65@gmail.com", "phone_number": "0748153767", "amount": "1.00", "transaction_id": "", "checkout_request_id": "ws_CO_30102024215626248748153767", "date": "2024-10-30T18:55:53.033Z", "status": "0"}}, {"model": "safari.mpesapayment", "pk": 44, "fields": {"safari_package": 6, "name": "Caroline Mumbi Gachara", "email": "mumbic65@gmail.com", "phone_number": "0748153767", "amount": "1.00", "transaction_id": "", "checkout_request_id": "ws_CO_30102024231206969748153767", "date": "2024-10-30T20:12:08.732Z", "status": "0"}}, {"model": "safari.mpesapayment", "pk": 45, "fields": {"safari_package": 6, "name": "Caroline Mumbi Gachara", "email": "mumbic65@gmail.com", "phone_number": "0748153767", "amount": "1.00", "transaction_id": "", "checkout_request_id": "ws_CO_30102024232910805748153767", "date": "2024-10-30T20:29:09.920Z", "status": "0"}}, {"model": "safari.mpesapayment", "pk": 46, "fields": {"safari_package": 6, "name": "Caroline Mumbi Gachara", "email": "mumbic65@gmail.com", "phone_number": "0748153767", "amount": "1.00", "transaction_id": "", "checkout_request_id": "ws_CO_30102024234349982748153767", "date": "2024-10-30T20:43:49.166Z", "status": "0"}}, {"model": "safari.mpesapayment", "pk": 47, "fields": {"safari_package": 6, "name": "Caroline Mumbi Gachara", "email": "mumbic65@gmail.com", "phone_number": "0748153767", "amount": "1.00", "transaction_id": "", "checkout_request_id": "ws_CO_30102024235101110748153767", "date": "2024-10-30T20:51:00.279Z", "status": "0"}}, {"model": "safari.mpesapayment", "pk": 48, "fields": {"safari_package": 6, "name": "Caroline Mumbi Gachara", "email": "mumbic65@gmail.com", "phone_number": "0748153767", "amount": "1.00", "transaction_id": "", "checkout_request_id": "ws_CO_31102024000412864748153767", "date": "2024-10-30T21:03:39.552Z", "status": "0"}}, {"model": "safari.mpesapayment", "pk": 49, "fields": {"safari_package": 6, "name": "Caroline Mumbi Gachara", "email": "mumbic65@gmail.com", "phone_number": "0748153767", "amount": "1.00", "transaction_id": "", "checkout_request_id": "ws_CO_31102024001159515748153767", "date": "2024-10-30T21:11:26.190Z", "status": "0"}}, {"model": "safari.mpesapayment", "pk": 50, "fields": {"safari_package": 3, "name": "Caroline Mumbi Gachara", "email": "mumbic65@gmail.com", "phone_number": "0748153767", "amount": "1.00", "transaction_id": "", "checkout_request_id": "ws_CO_31102024155531866748153767", "date": "2024-10-31T12:55:33.720Z", "status": "0"}}, {"model": "safari.mpesapayment", "pk": 51, "fields": {"safari_package": 3, "name": "Caroline Mumbi Gachara", "email": "mumbic65@gmail.com", "phone_number": "0748153767", "amount": "1.00", "transaction_id": "", "checkout_request_id": "ws_CO_31102024161358553748153767", "date": "2024-10-31T13:14:00.628Z", "status": "0"}}, {"model": "safari.mpesapayment", "pk": 52, "fields": {"safari_package": 3, "name": "ruthie", "email": "ruth@gmail.com", "phone_number": "0722219225", "amount": "1.00", "transaction_id": "", "checkout_request_id": "ws_CO_31102024183625184722219225", "date": "2024-10-31T15:35:53.672Z", "status": "0"}}, {"model": "safari.mpesapayment", "pk": 53, "fields": {"safari_package": 3, "name": "ruthie", "email": "ruth@gmail.com", "phone_number": "0722219225", "amount": "1.00", "transaction_id": "", "checkout_request_id": "ws_CO_31102024183722304722219225", "date": "2024-10-31T15:36:50.098Z", "status": "0"}}, {"model": "safari.mpesapayment", "pk": 54, "fields": {"safari_package": 3, "name": "ruth", "email": "ruth@gmail.com", "phone_number": "254722219225", "amount": "1.00", "transaction_id": "", "checkout_request_id": "ws_CO_31102024183830660722219225", "date": "2024-10-31T15:38:32.808Z", "status": "0"}}, {"model": "safari.mpesapayment", "pk": 55, "fields": {"safari_package": 3, "name": "Caroline Mumbi Gachara", "email": "mumbic65@gmail.com", "phone_number": "0748153767", "amount": "1.00", "transaction_id": "SK127HAQH0", "checkout_request_id": "ws_CO_01112024161312880748153767", "date": "2024-11-01T14:12:20.595Z", "status": "success"}}, {"model": "safari.mpesapayment", "pk": 56, "fields": {"safari_package": 3, "name": "Caroline Mumbi Gachara", "email": "mumbic65@gmail.com", "phone_number": "0748153767", "amount": "1.00", "transaction_id": "SK128AHMU0", "checkout_request_id": "ws_CO_01112024185234924748153767", "date": "2024-11-01T15:52:05.647Z", "status": "success"}}, {"model": "safari.mpesapayment", "pk": 57, "fields": {"safari_package": 3, "name": "Caroline Mumbi Gachara", "email": "mumbic65@gmail.com", "phone_number": "0748153767", "amount": "1.00", "transaction_id": null, "checkout_request_id": "ws_CO_01112024185330337748153767", "date": "2024-11-01T15:52:57.556Z", "status": "canceled"}}, {"model": "safari.mpesapayment", "pk": 58, "fields": {"safari_package": 3, "name": "Gerald Gichuki", "email": "gerald@gmail.com", "phone_number": "0702063895", "amount": "1.00", "transaction_id": null, "checkout_request_id": "ws_CO_01112024185506951702063895", "date": "2024-11-01T15:54:34.607Z", "status": "pending"}}, {"model": "safari.mpesapayment", "pk": 59, "fields": {"safari_package": 3, "name": "gg", "email": "gerald@gmail.com", "phone_number": "0702063895", "amount": "1.00", "transaction_id": null, "checkout_request_id": "ws_CO_01112024185730044702063895", "date": "2024-11-01T15:56:57.351Z", "status": "pending"}}, {"model": "safari.mpesapayment", "pk": 60, "fields": {"safari_package": 3, "name": "ruth", "email": "ruth@gmail.com", "phone_number": "0722219225", "amount": "1.00", "transaction_id": "SK148C4A82", "checkout_request_id": "ws_CO_01112024185841091722219225", "date": "2024-11-01T15:58:43.235Z", "status": "success"}}, {"model": "safari.mpesapayment", "pk": 61, "fields": {"safari_package": 3, "name": "gerald", "email": "gerald@gmail.com", "phone_number": "0702063895", "amount": "1.00", "transaction_id": null, "checkout_request_id": "ws_CO_01112024190055924702063895", "date": "2024-11-01T16:00:57.856Z", "status": "pending"}}, {"model": "safari.mpesapayment", "pk": 62, "fields": {"safari_package": 3, "name": "gerald", "email": "gerald@gmail.com", "phone_number": "0702063895", "amount": "1.00", "transaction_id": null, "checkout_request_id": "ws_CO_01112024192022883702063895", "date": "2024-11-01T16:19:50.083Z", "status": "pending"}}, {"model": "safari.mpesapayment", "pk": 63, "fields": {"safari_package": 3, "name": "ruth", "email": "ruth@gmail.com", "phone_number": "0722219225", "amount": "1.00", "transaction_id": null, "checkout_request_id": "ws_CO_01112024194243433722219225", "date": "2024-11-01T16:42:45.920Z", "status": "pending"}}, {"model": "safari.mpesapayment", "pk": 64, "fields": {"safari_package": 3, "name": "ruth", "email": "ruth@gmail.com", "phone_number": "0722219225", "amount": "1.00", "transaction_id": null, "checkout_request_id": "ws_CO_01112024194447617722219225", "date": "2024-11-01T16:44:14.801Z", "status": "pending"}}, {"model": "safari.mpesapayment", "pk": 65, "fields": {"safari_package": 3, "name": "mumbi", "email": "mumbi@gmail.com", "phone_number": "0748153767", "amount": "1.00", "transaction_id": null, "checkout_request_id": "ws_CO_01112024194625306748153767", "date": "2024-11-01T16:46:27.476Z", "status": "canceled"}}, {"model": "safari.mpesapayment", "pk": 66, "fields": {"safari_package": 3, "name": "mumbi", "email": "mumbi@gmail.com", "phone_number": "0748153767", "amount": "1.00", "transaction_id": null, "checkout_request_id": "ws_CO_01112024194657429748153767", "date": "2024-11-01T16:46:59.460Z", "status": "canceled"}}, {"model": "safari.mpesapayment", "pk": 67, "fields": {"safari_package": 3, "name": "mumbi", "email": "mumbi@gmail.com", "phone_number": "0748153767", "amount": "1.00", "transaction_id": null, "checkout_request_id": "ws_CO_01112024194904261748153767", "date": "2024-11-01T16:48:32.033Z", "status": "pending"}}, {"model": "safari.mpesapayment", "pk": 68, "fields": {"safari_package": 3, "name": "patrick", "email": "patrick@gmail.com", "phone_number": "0722651926", "amount": "1.00", "transaction_id": null, "checkout_request_id": "ws_CO_01112024195224438722651926", "date": "2024-11-01T16:51:51.611Z", "status": "pending"}}, {"model": "safari.mpesapayment", "pk": 69, "fields": {"safari_package": 3, "name": "patrick", "email": "patrick@gmail.com", "phone_number": "0722651926", "amount": "1.00", "transaction_id": null, "checkout_request_id": "ws_CO_01112024195249494722651926", "date": "2024-11-01T16:52:53.355Z", "status": "failed"}}, {"model": "safari.mpesapayment", "pk": 70, "fields": {"safari_package": 3, "name": "patrick", "email": "patrick@gmail.com", "phone_number": "0722651926", "amount": "1.00", "transaction_id": "SK188QMM6E", "checkout_request_id": "ws_CO_01112024200311855722651926", "date": "2024-11-01T17:02:38.923Z", "status": "success"}}, {"model": "safari.mpesapayment", "pk": 71, "fields": {"safari_package": 3, "name": "geraldo", "email": "geraldo@gmail.com", "phone_number": "0702063895", "amount": "1.00", "transaction_id": null, "checkout_request_id": "ws_CO_01112024200443854702063895", "date": "2024-11-01T17:04:46.470Z", "status": "pending"}}, {"model": "safari.mpesapayment", "pk": 72, "fields": {"safari_package": 6, "name": "Caroline Mumbi Gachara", "email": "mumbic65@gmail.com", "phone_number": "0748153767", "amount": "1.00", "transaction_id": null, "checkout_request_id": "ws_CO_06112024140900954748153767", "date": "2024-11-06T11:08:25.729Z", "status": "canceled"}}, {"model": "safari.mpesapayment", "pk": 73, "fields": {"safari_package": 4, "name": "Ronald", "email": "mcgarretronald@gmail.com", "phone_number": "0743823564", "amount": "1.00", "transaction_id": null, "checkout_request_id": "ws_CO_15112024131438053743823564", "date": "2024-11-15T10:13:59.963Z", "status": "pending"}}, {"model": "safari.mpesapayment", "pk": 74, "fields": {"safari_package": 3, "name": "mike", "email": "misheveve@gmail.com", "phone_number": "0748153767", "amount": "1.00", "transaction_id": null, "checkout_request_id": "ws_CO_15112024145806051748153767", "date": "2024-11-15T11:57:28.016Z", "status": "failed"}}, {"model": "safari.paypalpayment", "pk": 1, "fields": {"order_id": "9YT88941TD614842U", "payer_id": "GKXT8MA967RR8", "amount": "1.00", "currency": "USD", "status": "COMPLETED", "buyer_first_name": "John", "buyer_last_name": "Doe", "created_at": "2024-10-31T20:23:02.421Z"}}, {"model": "safari.paypalpayment", "pk": 2, "fields": {"order_id": "7PW47146073019729", "payer_id": "GKXT8MA967RR8", "amount": "1.00", "currency": "USD", "status": "COMPLETED", "buyer_first_name": "John", "buyer_last_name": "Doe", "created_at": "2024-10-31T20:25:53.378Z"}}, {"model": "safari.paypalpayment", "pk": 3, "fields": {"order_id": "2YC738912W1816441", "payer_id": "GKXT8MA967RR8", "amount": "1.00", "currency": "USD", "status": "COMPLETED", "buyer_first_name": "John", "buyer_last_name": "Doe", "created_at": "2024-11-06T11:13:18.690Z"}}, {"model": "safari.paypalpayment", "pk": 4, "fields": {"order_id": "63K6791446955340Y", "payer_id": "GKXT8MA967RR8", "amount": "1.00", "currency": "USD", "status": "COMPLETED", "buyer_first_name": "John", "buyer_last_name": "Doe", "created_at": "2024-11-15T10:20:11.400Z"}}, {"model": "safari.paypalpayment", "pk": 5, "fields": {"order_id": "93Y80170MH970064K", "payer_id": "GKXT8MA967RR8", "amount": "1.00", "currency": "USD", "status": "COMPLETED", "buyer_first_name": "John", "buyer_last_name": "Doe", "created_at": "2024-11-15T12:00:39.166Z"}}, {"model": "safari.contactmessage", "pk": 1, "fields": {"fullname": "Caroline Mumbi Gachara", "email": "mumbic65@gmail.com", "subject": "Testing", "message": "Testing the server", "created_at": "2024-11-14T19:43:11.643Z"}}, {"model": "safari.contactmessage", "pk": 2, "fields": {"fullname": "Caroline Mumbi Gachara", "email": "mumbic65@gmail.com", "subject": "test 2", "message": "testing the server again then i go to sleep", "created_at": "2024-11-14T19:44:12.468Z"}}, {"model": "safari.contactmessage", "pk": 3, "fields": {"fullname": "Caroline Mumbi Gachara", "email": "mumbic65@gmail.com", "subject": "Booking fail", "message": "i was unable to book the tsavo safari", "created_at": "2024-11-15T12:02:41.991Z"}}, {"model": "auth.permission", "pk": 1, "fields": {"name": "Can add log entry", "content_type": 1, "codename": "add_logentry"}}, {"model": "auth.permission", "pk": 2, "fields": {"name": "Can change log entry", "content_type": 1, "codename": "change_logentry"}}, {"model": "auth.permission", "pk": 3, "fields": {"name": "Can delete log entry", "content_type": 1, "codename": "delete_logentry"}}, {"model": "auth.permission", "pk": 4, "fields": {"name": "Can view log entry", "content_type": 1, "codename": "view_logentry"}}, {"model": "auth.permission", "pk": 5, "fields": {"name": "Can add permission", "content_type": 2, "codename": "add_permission"}}, {"model": "auth.permission", "pk": 6, "fields": {"name": "Can change permission", "content_type": 2, "codename": "change_permission"}}, {"model": "auth.permission", "pk": 7, "fields": {"name": "Can delete permission", "content_type": 2, "codename": "delete_permission"}}, {"model": "auth.permission", "pk": 8, "fields": {"name": "Can view permission", "content_type": 2, "codename": "view_permission"}}, {"model": "auth.permission", "pk": 9, "fields": {"name": "Can add group", "content_type": 3, "codename": "add_group"}}, {"model": "auth.permission", "pk": 10, "fields": {"name": "Can change group", "content_type": 3, "codename": "change_group"}}, {"model": "auth.permission", "pk": 11, "fields": {"name": "Can delete group", "content_type": 3, "codename": "delete_group"}}, {"model": "auth.permission", "pk": 12, "fields": {"name": "Can view group", "content_type": 3, "codename": "view_group"}}, {"model": "auth.permission", "pk": 13, "fields": {"name": "Can add user", "content_type": 4, "codename": "add_user"}}, {"model": "auth.permission", "pk": 14, "fields": {"name": "Can change user", "content_type": 4, "codename": "change_user"}}, {"model": "auth.permission", "pk": 15, "fields": {"name": "Can delete user", "content_type": 4, "codename": "delete_user"}}, {"model": "auth.permission", "pk": 16, "fields": {"name": "Can view user", "content_type": 4, "codename": "view_user"}}, {"model": "auth.permission", "pk": 17, "fields": {"name": "Can add content type", "content_type": 5, "codename": "add_contenttype"}}, {"model": "auth.permission", "pk": 18, "fields": {"name": "Can change content type", "content_type": 5, "codename": "change_contenttype"}}, {"model": "auth.permission", "pk": 19, "fields": {"name": "Can delete content type", "content_type": 5, "codename": "delete_contenttype"}}, {"model": "auth.permission", "pk": 20, "fields": {"name": "Can view content type", "content_type": 5, "codename": "view_contenttype"}}, {"model": "auth.permission", "pk": 21, "fields": {"name": "Can add session", "content_type": 6, "codename": "add_session"}}, {"model": "auth.permission", "pk": 22, "fields": {"name": "Can change session", "content_type": 6, "codename": "change_session"}}, {"model": "auth.permission", "pk": 23, "fields": {"name": "Can delete session", "content_type": 6, "codename": "delete_session"}}, {"model": "auth.permission", "pk": 24, "fields": {"name": "Can view session", "content_type": 6, "codename": "view_session"}}, {"model": "auth.permission", "pk": 25, "fields": {"name": "Can add Token", "content_type": 7, "codename": "add_token"}}, {"model": "auth.permission", "pk": 26, "fields": {"name": "Can change Token", "content_type": 7, "codename": "change_token"}}, {"model": "auth.permission", "pk": 27, "fields": {"name": "Can delete Token", "content_type": 7, "codename": "delete_token"}}, {"model": "auth.permission", "pk": 28, "fields": {"name": "Can view Token", "content_type": 7, "codename": "view_token"}}, {"model": "auth.permission", "pk": 29, "fields": {"name": "Can add Token", "content_type": 8, "codename": "add_tokenproxy"}}, {"model": "auth.permission", "pk": 30, "fields": {"name": "Can change Token", "content_type": 8, "codename": "change_tokenproxy"}}, {"model": "auth.permission", "pk": 31, "fields": {"name": "Can delete Token", "content_type": 8, "codename": "delete_tokenproxy"}}, {"model": "auth.permission", "pk": 32, "fields": {"name": "Can view Token", "content_type": 8, "codename": "view_tokenproxy"}}, {"model": "auth.permission", "pk": 33, "fields": {"name": "Can add profile", "content_type": 9, "codename": "add_profile"}}, {"model": "auth.permission", "pk": 34, "fields": {"name": "Can change profile", "content_type": 9, "codename": "change_profile"}}, {"model": "auth.permission", "pk": 35, "fields": {"name": "Can delete profile", "content_type": 9, "codename": "delete_profile"}}, {"model": "auth.permission", "pk": 36, "fields": {"name": "Can view profile", "content_type": 9, "codename": "view_profile"}}, {"model": "auth.permission", "pk": 37, "fields": {"name": "Can add safari package", "content_type": 10, "codename": "add_safaripackage"}}, {"model": "auth.permission", "pk": 38, "fields": {"name": "Can change safari package", "content_type": 10, "codename": "change_safaripackage"}}, {"model": "auth.permission", "pk": 39, "fields": {"name": "Can delete safari package", "content_type": 10, "codename": "delete_safaripackage"}}, {"model": "auth.permission", "pk": 40, "fields": {"name": "Can view safari package", "content_type": 10, "codename": "view_safaripackage"}}, {"model": "auth.permission", "pk": 41, "fields": {"name": "Can add review", "content_type": 11, "codename": "add_review"}}, {"model": "auth.permission", "pk": 42, "fields": {"name": "Can change review", "content_type": 11, "codename": "change_review"}}, {"model": "auth.permission", "pk": 43, "fields": {"name": "Can delete review", "content_type": 11, "codename": "delete_review"}}, {"model": "auth.permission", "pk": 44, "fields": {"name": "Can view review", "content_type": 11, "codename": "view_review"}}, {"model": "auth.permission", "pk": 45, "fields": {"name": "Can add booking", "content_type": 12, "codename": "add_booking"}}, {"model": "auth.permission", "pk": 46, "fields": {"name": "Can change booking", "content_type": 12, "codename": "change_booking"}}, {"model": "auth.permission", "pk": 47, "fields": {"name": "Can delete booking", "content_type": 12, "codename": "delete_booking"}}, {"model": "auth.permission", "pk": 48, "fields": {"name": "Can view booking", "content_type": 12, "codename": "view_booking"}}, {"model": "auth.permission", "pk": 49, "fields": {"name": "Can add access token", "content_type": 13, "codename": "add_accesstoken"}}, {"model": "auth.permission", "pk": 50, "fields": {"name": "Can change access token", "content_type": 13, "codename": "change_accesstoken"}}, {"model": "auth.permission", "pk": 51, "fields": {"name": "Can delete access token", "content_type": 13, "codename": "delete_accesstoken"}}, {"model": "auth.permission", "pk": 52, "fields": {"name": "Can view access token", "content_type": 13, "codename": "view_accesstoken"}}, {"model": "auth.permission", "pk": 53, "fields": {"name": "Can add payment", "content_type": 14, "codename": "add_payment"}}, {"model": "auth.permission", "pk": 54, "fields": {"name": "Can change payment", "content_type": 14, "codename": "change_payment"}}, {"model": "auth.permission", "pk": 55, "fields": {"name": "Can delete payment", "content_type": 14, "codename": "delete_payment"}}, {"model": "auth.permission", "pk": 56, "fields": {"name": "Can view payment", "content_type": 14, "codename": "view_payment"}}, {"model": "auth.permission", "pk": 57, "fields": {"name": "Can add pay pal payment", "content_type": 15, "codename": "add_paypalpayment"}}, {"model": "auth.permission", "pk": 58, "fields": {"name": "Can change pay pal payment", "content_type": 15, "codename": "change_paypalpayment"}}, {"model": "auth.permission", "pk": 59, "fields": {"name": "Can delete pay pal payment", "content_type": 15, "codename": "delete_paypalpayment"}}, {"model": "auth.permission", "pk": 60, "fields": {"name": "Can view pay pal payment", "content_type": 15, "codename": "view_paypalpayment"}}, {"model": "auth.permission", "pk": 61, "fields": {"name": "Can add mpesa payment", "content_type": 14, "codename": "add_mpesapayment"}}, {"model": "auth.permission", "pk": 62, "fields": {"name": "Can change mpesa payment", "content_type": 14, "codename": "change_mpesapayment"}}, {"model": "auth.permission", "pk": 63, "fields": {"name": "Can delete mpesa payment", "content_type": 14, "codename": "delete_mpesapayment"}}, {"model": "auth.permission", "pk": 64, "fields": {"name": "Can view mpesa payment", "content_type": 14, "codename": "view_mpesapayment"}}, {"model": "auth.permission", "pk": 65, "fields": {"name": "Can add contact message", "content_type": 16, "codename": "add_contactmessage"}}, {"model": "auth.permission", "pk": 66, "fields": {"name": "Can change contact message", "content_type": 16, "codename": "change_contactmessage"}}, {"model": "auth.permission", "pk": 67, "fields": {"name": "Can delete contact message", "content_type": 16, "codename": "delete_contactmessage"}}, {"model": "auth.permission", "pk": 68, "fields": {"name": "Can view contact message", "content_type": 16, "codename": "view_contactmessage"}}, {"model": "auth.user", "pk": 1, "fields": {"password": "pbkdf2_sha256$870000$wFV4cEjZfIz34MLJx5LKFo$SBxJBibNX3RVisVKMl4daLOaaWGHUysmbjhaeSXHcsM=", "last_login": "2024-11-21T08:10:59.815Z", "is_superuser": true, "username": "mumbi", "first_name": "mumbi", "last_name": "Gachara", "email": "mumbic65@gmail.com", "is_staff": true, "is_active": true, "date_joined": "2024-10-01T10:39:46.190Z", "groups": [], "user_permissions": []}}, {"model": "auth.user", "pk": 2, "fields": {"password": "pbkdf2_sha256$870000$R3Wq7cXchRN4Y90ySH8Gwa$kSO7pAujS8wynuG7fCAB+eXL9s48qJTKzt/ZmJqyLM4=", "last_login": null, "is_superuser": false, "username": "opisling", "first_name": "flow", "last_name": "opisa", "email": "opisa@gmail.com", "is_staff": false, "is_active": true, "date_joined": "2024-10-02T09:48:51Z", "groups": [], "user_permissions": []}}, {"model": "auth.user", "pk": 3, "fields": {"password": "pbkdf2_sha256$870000$Hu3V3SpP6zAhB9IlEUHmWB$7l6bnTNGcoY5tsSuUrwPlqyAkcTK8otagR4+K1KGHRo=", "last_login": null, "is_superuser": false, "username": "tiff", "first_name": "tiff", "last_name": "chela", "email": "tiff@gmail.com", "is_staff": false, "is_active": true, "date_joined": "2024-10-02T10:30:55Z", "groups": [], "user_permissions": []}}, {"model": "auth.user", "pk": 4, "fields": {"password": "pbkdf2_sha256$870000$CUIOFaaTQwhqsrBW0HDUOP$ARINNKJX9KwXuIDsjwaaORlQb9BPifM1JaS83k1XeAE=", "last_login": null, "is_superuser": false, "username": "Ruthie", "first_name": "Ruth", "last_name": "Kuria", "email": "ruth@gmail.com", "is_staff": false, "is_active": true, "date_joined": "2024-10-02T12:01:35.179Z", "groups": [], "user_permissions": []}}, {"model": "auth.user", "pk": 5, "fields": {"password": "pbkdf2_sha256$870000$U3VlssL0keCfAXFacvQfJc$OAcZDrJSFxmzy6vcJlqdkQo2qs1vprKHdeXO/yLX3z8=", "last_login": null, "is_superuser": false, "username": "johnndoe", "first_name": "John", "last_name": "Doe", "email": "jondoe@gmail.com", "is_staff": false, "is_active": true, "date_joined": "2024-10-02T13:27:57.925Z", "groups": [], "user_permissions": []}}, {"model": "auth.user", "pk": 6, "fields": {"password": "pbkdf2_sha256$870000$lm4uK6X87Yoahbi9W4Rhnn$hAH4a5JLVnNDXR5lHb8rMLlHBZPimCrCWW9IOpXIjSc=", "last_login": null, "is_superuser": false, "username": "pato", "first_name": "pato", "last_name": "GG", "email": "pato@gmail.com", "is_staff": false, "is_active": true, "date_joined": "2024-10-02T14:00:53.073Z", "groups": [], "user_permissions": []}}, {"model": "auth.user", "pk": 7, "fields": {"password": "pbkdf2_sha256$870000$SgppokvuOfyyOGCluBUZVo$F/kbOJiRrizbwgOyP4ihYHsAOGDAqFuDgUPBLWlcXjY=", "last_login": null, "is_superuser": false, "username": "ggg", "first_name": "gg", "last_name": "gichuki", "email": "gg@gmail.com", "is_staff": false, "is_active": true, "date_joined": "2024-10-02T14:03:05.321Z", "groups": [], "user_permissions": []}}, {"model": "auth.user", "pk": 8, "fields": {"password": "pbkdf2_sha256$870000$KPtEitp3UhoIs8GQXTdKfN$BE9pqaXDyVolfrfClbU9CJwoo+3OJc+tzI8vUCEDyT4=", "last_login": null, "is_superuser": false, "username": "milan", "first_name": "mac", "last_name": "milan", "email": "milan@gmail.com", "is_staff": false, "is_active": true, "date_joined": "2024-10-02T15:11:08.082Z", "groups": [], "user_permissions": []}}, {"model": "auth.user", "pk": 9, "fields": {"password": "pbkdf2_sha256$870000$7vQupl6ts9jGHGfT9RNlLl$YZeJg9/2OAQ9V81A54tcgSP9gflCqJ2Zg9kiT7WmZPw=", "last_login": null, "is_superuser": false, "username": "riri", "first_name": "riri", "last_name": "nansaba", "email": "riri@gmail.com", "is_staff": false, "is_active": true, "date_joined": "2024-10-02T15:13:17.276Z", "groups": [], "user_permissions": []}}, {"model": "auth.user", "pk": 10, "fields": {"password": "pbkdf2_sha256$870000$lIEU8PtqgbWDhx6cn1eZwH$5x2ZaCmYHPHOb640pNDU8ocjHl8KIZ/ts9xPGnjAHvM=", "last_login": null, "is_superuser": false, "username": "Gerald.G.G", "first_name": "Gerald", "last_name": "Gichuki", "email": "254trippy@gmail.com", "is_staff": false, "is_active": true, "date_joined": "2024-10-05T13:16:07.284Z", "groups": [], "user_permissions": []}}, {"model": "auth.user", "pk": 11, "fields": {"password": "pbkdf2_sha256$870000$Q0ScjOdnjuYRh7ZnStfYBf$4n8vSCXiUOZECL0RZ5UxBw0PnRwX7o2KWnAVFviZdpE=", "last_login": null, "is_superuser": false, "username": "judy", "first_name": "Judy", "last_name": "Gichuki", "email": "judygichuki@16gmail.com", "is_staff": false, "is_active": true, "date_joined": "2024-10-06T11:37:54.143Z", "groups": [], "user_permissions": []}}, {"model": "auth.user", "pk": 12, "fields": {"password": "pbkdf2_sha256$870000$o37ZBcS6uUmpYBnftQDNgQ$OzwE/u3PIGU9+pXkOavo+qOaDd/VrrT2SClX8a5/HfI=", "last_login": null, "is_superuser": false, "username": "john", "first_name": "john", "last_name": "mark", "email": "john@gmail.com", "is_staff": false, "is_active": true, "date_joined": "2024-10-11T10:06:34.875Z", "groups": [], "user_permissions": []}}, {"model": "auth.user", "pk": 13, "fields": {"password": "pbkdf2_sha256$870000$du8wNTrZ32xsiflNLUmhA4$AIG1904P2c8VmU8wfHBtHMo2+DvwHAJF/Wakb/lc+pI=", "last_login": null, "is_superuser": false, "username": "leo", "first_name": "leo", "last_name": "mwangi", "email": "leo@gmail.com", "is_staff": false, "is_active": true, "date_joined": "2024-10-11T10:10:02.524Z", "groups": [], "user_permissions": []}}, {"model": "auth.user", "pk": 14, "fields": {"password": "pbkdf2_sha256$870000$FsrFcLw7Xc5aNIM8ZCYbnH$RrGivaQpiQgw0rV5uw9ahcVzcYs1AaVrY+fEzQMhdQc=", "last_login": null, "is_superuser": false, "username": "ann", "first_name": "ann", "last_name": "mumbi", "email": "ann@gmail.com", "is_staff": false, "is_active": true, "date_joined": "2024-10-17T12:28:23.923Z", "groups": [], "user_permissions": []}}, {"model": "auth.user", "pk": 15, "fields": {"password": "pbkdf2_sha256$870000$7fC8I6C2vQZOlarp737OKO$1LCbpTOlms/EmeJ5qLFLQyFzonTX9vvKLa3YFvCxV5M=", "last_login": null, "is_superuser": false, "username": "leonado", "first_name": "leonado", "last_name": "decaprio", "email": "leonado@gmail.com", "is_staff": false, "is_active": true, "date_joined": "2024-10-24T09:13:15.679Z", "groups": [], "user_permissions": []}}, {"model": "auth.user", "pk": 16, "fields": {"password": "pbkdf2_sha256$870000$C36IZGHpLdddUqwaTrPaYh$wT1W5H/GU2y9wNhmjW6WBPc1Y6Fej2by9QlgmsMwu9k=", "last_login": null, "is_superuser": false, "username": "ronald", "first_name": "Ronald", "last_name": "McGarret", "email": "mcgarretronald@gmail.com", "is_staff": false, "is_active": true, "date_joined": "2024-11-15T10:04:37.384Z", "groups": [], "user_permissions": []}}, {"model": "auth.user", "pk": 17, "fields": {"password": "pbkdf2_sha256$870000$g4gAchdpPnvwAY5uDaGyuo$HepSuaRz9jUmtQpZ1ncLaii+9uy+Im+BgP5Nd68iCCI=", "last_login": null, "is_superuser": false, "username": "mike", "first_name": "mike", "last_name": "misheveve", "email": "misheve@gmail.com", "is_staff": false, "is_active": true, "date_joined": "2024-11-15T11:50:00.641Z", "groups": [], "user_permissions": []}}, {"model": "contenttypes.contenttype", "pk": 1, "fields": {"app_label": "admin", "model": "logentry"}}, {"model": "contenttypes.contenttype", "pk": 2, "fields": {"app_label": "auth", "model": "permission"}}, {"model": "contenttypes.contenttype", "pk": 3, "fields": {"app_label": "auth", "model": "group"}}, {"model": "contenttypes.contenttype", "pk": 4, "fields": {"app_label": "auth", "model": "user"}}, {"model": "contenttypes.contenttype", "pk": 5, "fields": {"app_label": "contenttypes", "model": "contenttype"}}, {"model": "contenttypes.contenttype", "pk": 6, "fields": {"app_label": "sessions", "model": "session"}}, {"model": "contenttypes.contenttype", "pk": 7, "fields": {"app_label": "authtoken", "model": "token"}}, {"model": "contenttypes.contenttype", "pk": 8, "fields": {"app_label": "authtoken", "model": "tokenproxy"}}, {"model": "contenttypes.contenttype", "pk": 9, "fields": {"app_label": "authentication", "model": "profile"}}, {"model": "contenttypes.contenttype", "pk": 10, "fields": {"app_label": "safari", "model": "safaripackage"}}, {"model": "contenttypes.contenttype", "pk": 11, "fields": {"app_label": "safari", "model": "review"}}, {"model": "contenttypes.contenttype", "pk": 12, "fields": {"app_label": "safari", "model": "booking"}}, {"model": "contenttypes.contenttype", "pk": 13, "fields": {"app_label": "django_daraja", "model": "accesstoken"}}, {"model": "contenttypes.contenttype", "pk": 14, "fields": {"app_label": "safari", "model": "mpesapayment"}}, {"model": "contenttypes.contenttype", "pk": 15, "fields": {"app_label": "safari", "model": "paypalpayment"}}, {"model": "contenttypes.contenttype", "pk": 16, "fields": {"app_label": "safari", "model": "contactmessage"}}, {"model": "sessions.session", "pk": "9d34xrta8uszd9ng98cni8kg8jyt4i4u", "fields": {"session_data": ".eJxVjDsOwyAQBe9CHSF-NpAyvc-AlmUJTiKQjF1FuXuE5CJp38y8Nwtw7CUcnbawJnZlkl1-twj4pDpAekC9N46t7tsa-VD4STtfWqLX7XT_Dgr0MupsnfXCY6ZkvQaFmgSqGbWLLpNVUk86uckJo4yavSFjDWDO0TipJbDPF-JwN4U:1t0kFk:xY103tXdnpnFAxxKCeW6wMUK-VRACLuXa4r1QuxpVBs", "expire_date": "2024-10-29T16:18:32.775Z"}}, {"model": "sessions.session", "pk": "gkezpijkwymyjefsbobgh4ppkn2uq33b", "fields": {"session_data": ".eJxVjDsOwyAQBe9CHSF-NpAyvc-AlmUJTiKQjF1FuXuE5CJp38y8Nwtw7CUcnbawJnZlkl1-twj4pDpAekC9N46t7tsa-VD4STtfWqLX7XT_Dgr0MupsnfXCY6ZkvQaFmgSqGbWLLpNVUk86uckJo4yavSFjDWDO0TipJbDPF-JwN4U:1t8dgL:5PzKxZsNw2iyL4vg3TKvPv8H5i9OGg22brRdGdXCJMQ", "expire_date": "2024-11-20T10:54:37.729Z"}}, {"model": "sessions.session", "pk": "sm3iud5t7it8esvk0kec24o2smgab193", "fields": {"session_data": ".eJxVjDsOwyAQBe9CHSF-NpAyvc-AlmUJTiKQjF1FuXuE5CJp38y8Nwtw7CUcnbawJnZlkl1-twj4pDpAekC9N46t7tsa-VD4STtfWqLX7XT_Dgr0MupsnfXCY6ZkvQaFmgSqGbWLLpNVUk86uckJo4yavSFjDWDO0TipJbDPF-JwN4U:1t5pAh:zXXbPCUxEQWVvalk0zaraht9K1xvOu9e-ngNbkE7d5U", "expire_date": "2024-11-12T16:34:19.939Z"}}, {"model": "sessions.session", "pk": "u84kk5nxiwn7nbp0k4i1a46icdlzzxy5", "fields": {"session_data": ".eJxVjDsOwyAQBe9CHSF-NpAyvc-AlmUJTiKQjF1FuXuE5CJp38y8Nwtw7CUcnbawJnZlkl1-twj4pDpAekC9N46t7tsa-VD4STtfWqLX7XT_Dgr0MupsnfXCY6ZkvQaFmgSqGbWLLpNVUk86uckJo4yavSFjDWDO0TipJbDPF-JwN4U:1svbjs:AchqJx7S9R4gXGPMznlgXwoMP-um7k--XyJ7zwXKnWI", "expire_date": "2024-10-15T12:12:24.921Z"}}, {"model": "sessions.session", "pk": "wt74xs2xo3up61gnhf9zksrn91fud8ol", "fields": {"session_data": ".eJxVjDsOwyAQBe9CHSF-NpAyvc-AlmUJTiKQjF1FuXuE5CJp38y8Nwtw7CUcnbawJnZlkl1-twj4pDpAekC9N46t7tsa-VD4STtfWqLX7XT_Dgr0MupsnfXCY6ZkvQaFmgSqGbWLLpNVUk86uckJo4yavSFjDWDO0TipJbDPF-JwN4U:1tE2HD:XowjX41OYx4wWKagzMgIgtCpsKTutQdblhOtEZwPvDU", "expire_date": "2024-12-05T08:10:59.846Z"}}]